authorityVice_base	authorityVirtue_base	careVice_base	careVirtue_base	fairnessVice_base	fairnessVirtue_base	loyaltyVice_base	loyaltyVirtue_base	sancityVice_base	sancityVirtue_base
0.047323860228061676	0.04476567357778549	-0.011528603732585907	0.06217636540532112	0.008492983877658844	0.007699952926486731	0.07142573595046997	0.07059630006551743	-0.009623929858207703	0.025033943355083466
-0.026935908943414688	0.01040278933942318	0.045632414519786835	0.04389737918972969	0.018612027168273926	0.04600232467055321	-0.009745215065777302	0.024336891248822212	0.009890280663967133	0.030215837061405182
0.052198536694049835	0.07296610623598099	-0.03200877457857132	0.02399623766541481	0.0012841378338634968	0.03428644686937332	0.0814676284790039	0.04228673502802849	0.02209876850247383	0.06616663932800293
0.02134448103606701	0.008100582286715508	0.03448815643787384	0.08489711582660675	-0.022500183433294296	0.04019088298082352	0.02056173048913479	0.07992792129516602	0.002911393065005541	0.021754903718829155
-0.05370287597179413	-0.011845530942082405	-0.07588905096054077	-0.028287455439567566	-4.245340824127197e-05	0.04464118927717209	-0.06855558604001999	-0.06037341058254242	-0.09443698823451996	-0.04817871376872063
0.0009991824626922607	-0.023099632933735847	0.07833309471607208	0.04613441228866577	0.05884447321295738	-0.01769142597913742	0.057280272245407104	0.052626755088567734	0.050555404275655746	0.04563143476843834
-0.044765252619981766	0.02142811194062233	0.06463859230279922	0.0653238594532013	0.04257023707032204	0.07526862621307373	-0.0032814349979162216	-0.026915058493614197	0.0002764398232102394	0.06456300616264343
-0.04303424432873726	-0.03351077437400818	0.03704145550727844	-0.013350918889045715	0.025702835991978645	0.04629728943109512	0.069235660135746	-0.004814634099602699	-0.024397511035203934	0.00835912674665451
0.00407303124666214	-0.020239263772964478	0.048504412174224854	-0.029059845954179764	0.005256682634353638	0.021233724430203438	0.06824221462011337	0.04892536625266075	0.01770654134452343	0.007496589794754982
0.047054924070835114	0.028853710740804672	0.0977998599410057	0.005519114434719086	0.00021795276552438736	0.027030956000089645	0.06187192350625992	0.029351064935326576	0.03527939319610596	0.03818518668413162
-0.02473948337137699	-0.010344435460865498	0.010827500373125076	-0.024213187396526337	-0.017866455018520355	-0.05339112877845764	0.022997073829174042	-0.005799895152449608	-0.03715407848358154	-0.08830907195806503
0.004170146770775318	-0.030414029955863953	-0.08146218955516815	0.030091147869825363	0.01658320240676403	-0.007837792858481407	-0.061739180237054825	-0.02390347607433796	-0.03768621012568474	-0.10673562437295914
0.00015717186033725739	0.019432904198765755	-0.02919784188270569	0.06116090714931488	-0.021143857389688492	0.026050450280308723	-0.03663928434252739	-0.01746678352355957	-0.021814290434122086	-0.015613441355526447
0.07903868705034256	0.03848181664943695	0.0655335932970047	0.0725797489285469	0.06871682405471802	0.06933645904064178	0.0963154137134552	0.09357202053070068	0.048135336488485336	0.11921863257884979
-0.03407229483127594	-0.10974389314651489	0.022404588758945465	-0.07488393783569336	-0.034906961023807526	-0.014410038478672504	-0.057547539472579956	-0.015182087197899818	-0.05815320089459419	-0.07413501292467117
0.0044558183290064335	0.015573435463011265	0.030392548069357872	0.043404996395111084	0.07468245923519135	0.03852177783846855	0.11044441908597946	0.04369264468550682	0.0698685422539711	0.03596882149577141
0.016404051333665848	-0.006718148943036795	-0.005954153370112181	-0.004492952488362789	0.02918819896876812	0.07983169704675674	-0.011143850162625313	0.012192785739898682	-0.012469790875911713	-0.03465418517589569
-0.012894544750452042	-0.033536553382873535	0.012145273387432098	0.11586014926433563	0.007304067723453045	0.029038608074188232	0.002188099082559347	0.048893243074417114	0.0219355970621109	0.008143843151628971
-0.05186769366264343	-0.014540071599185467	-0.008584932424128056	-0.06913530081510544	-0.020836733281612396	0.0071434262208640575	-0.04235734045505524	-0.013184238225221634	-0.05421507731080055	-0.03365752846002579
-0.049337804317474365	-0.0659237802028656	-0.0435207337141037	-0.028613049536943436	-0.008432350121438503	-0.008708643727004528	-0.031186290085315704	-0.042061761021614075	-0.06999336928129196	-0.01447311695665121
0.08669667690992355	0.013591826893389225	0.03777717798948288	0.06018589437007904	0.0035577898379415274	0.005437114275991917	0.11009640991687775	0.04314194619655609	0.0058360351249575615	0.005610286258161068
-0.04365738481283188	-0.024744421243667603	-0.02638028748333454	-0.02718118205666542	-0.05586056783795357	0.012695003300905228	-0.05914667621254921	-0.03353288769721985	-0.08196911215782166	-0.042051687836647034
0.03898664563894272	0.04164724797010422	-0.016290754079818726	0.05138330161571503	0.10142122209072113	0.06682159006595612	0.03971637412905693	0.03684917092323303	-0.06230240315198898	0.0015324237756431103
-0.035015422850847244	0.04125022888183594	-0.02615884505212307	-0.0044724466279149055	-0.0037422338500618935	0.03451961278915405	-0.028437450528144836	-0.021686531603336334	0.012885990552604198	0.03036893531680107
0.05387977138161659	0.08218745142221451	0.01865587942302227	0.08167543262243271	0.054163698107004166	0.042403433471918106	0.05486650764942169	0.027624044567346573	0.010860087350010872	-0.017659669741988182
0.013619618490338326	-0.02753617614507675	0.002632719464600086	-0.04915058612823486	-0.07793925702571869	-0.009551982395350933	0.030516665428876877	-0.018448229879140854	-0.054125696420669556	-0.011654967442154884
0.037194497883319855	-0.010217927396297455	-0.0067173196002841	-0.03336484730243683	-0.004078168421983719	-0.1266033947467804	0.028216630220413208	-0.0439368337392807	0.03174162283539772	-0.027869967743754387
-0.004558667540550232	0.009859400801360607	-0.05950847268104553	0.003532696980983019	-0.052159491926431656	0.008888211101293564	-0.014020727947354317	0.016272105276584625	0.05153196305036545	0.01132936030626297
0.052707888185977936	-0.030038965865969658	0.03502347320318222	0.06950081884860992	0.04189443960785866	0.04442692548036575	0.07369615882635117	0.05968116596341133	0.050526171922683716	0.05023021250963211
0.013300376944243908	-0.006561550311744213	-0.00455435598269105	-0.032000649720430374	0.03123638965189457	0.06499717384576797	-0.007787877693772316	-0.0591350756585598	-0.03656613081693649	-0.03520449250936508
-0.022131837904453278	0.052934885025024414	-0.018324673175811768	-0.06548155099153519	-0.03703540563583374	-0.043154116719961166	0.07348588109016418	0.016729019582271576	-0.025554340332746506	0.0363209992647171
-0.005705493502318859	-0.029405593872070312	-0.024992896243929863	-0.01711195893585682	-0.0001734551042318344	-0.018286412581801414	0.039813488721847534	-0.012351053766906261	-0.040278784930706024	-0.03936690092086792
-0.03131812438368797	0.0037714485079050064	-0.004555355291813612	-0.10026620328426361	0.039908267557621	-0.012643520720303059	-0.035602256655693054	-0.008063878864049911	-0.0032422440126538277	-0.010665575973689556
0.009935854002833366	0.007021012715995312	-0.04387360066175461	-0.01154468022286892	-0.0346103310585022	0.013347440399229527	0.04098479077219963	0.028566088527441025	0.014379794709384441	0.047227293252944946
-0.01309232972562313	0.033450908958911896	0.032844264060258865	-0.027484336867928505	0.06779926270246506	0.004128082189708948	-0.005999250337481499	0.009638497605919838	-0.07072484493255615	-0.01956714317202568
0.026910513639450073	0.0012376056984066963	0.018376629799604416	-0.007499803323298693	0.01550707221031189	0.058912668377161026	-0.03974190726876259	0.0008743591606616974	-0.014885005541145802	-0.05487264692783356
0.04245739057660103	0.0602763369679451	0.03665567934513092	0.048291172832250595	0.025248661637306213	0.07767388969659805	0.07861249148845673	0.06357450783252716	0.06467915326356888	0.034126438200473785
-0.02686649188399315	-0.015442454256117344	0.054003067314624786	0.03606720641255379	-0.0004041886131744832	0.05683992803096771	0.006954345386475325	0.059209879487752914	-0.014968227595090866	-0.012757455930113792
0.012468449771404266	0.002501978538930416	-0.03065967559814453	0.009529453702270985	0.042086753994226456	0.015909185633063316	-0.04099670425057411	-0.030934449285268784	0.018855158239603043	0.0049377684481441975
0.04619661718606949	0.04108228534460068	0.04108572378754616	0.003284106496721506	0.03637562319636345	-0.0003689131699502468	-0.002924805972725153	0.018374867737293243	-0.01641087792813778	-0.0218195803463459
0.0993686094880104	0.07074388116598129	0.030083464458584785	0.04649702459573746	0.01890060491859913	-0.010751008056104183	0.06549022346735	0.05543176084756851	0.07488338649272919	0.028446819633245468
-0.02492431551218033	-0.034744471311569214	0.028128303587436676	0.0387965552508831	0.002022169530391693	0.006130978465080261	-0.0686027780175209	0.01575595699250698	0.01761176623404026	-0.03207390755414963
0.07942373305559158	0.04406431317329407	0.07620878517627716	-0.06698864698410034	0.014604412019252777	0.0022048912942409515	0.05590888857841492	0.02823328785598278	0.05407242476940155	0.03446830436587334
-0.03622505068778992	0.012049276381731033	-0.06755416095256805	-0.005741852801293135	-0.08602852374315262	-0.006496889516711235	-0.06560114026069641	0.0012537494767457247	-0.06814102828502655	-0.029780171811580658
-0.07869091629981995	-0.0275931004434824	-0.034123048186302185	-0.032601241022348404	-0.037223514169454575	-0.08931653946638107	-0.041081905364990234	-0.04447086900472641	-0.04314205422997475	-0.07256115227937698
-0.017874348908662796	-0.057822633534669876	-0.052117690443992615	-0.044153980910778046	-0.04387678951025009	-0.014878485351800919	0.0004149465821683407	-0.06447046995162964	-0.07913105189800262	-0.025964878499507904
-0.02058085985481739	-0.016084015369415283	0.011055443435907364	-0.00662179896607995	-0.06592362374067307	-0.026580294594168663	-0.047451864928007126	-0.10094667971134186	0.02759864181280136	-0.01738627441227436
0.023927420377731323	0.0047257402911782265	0.05872953683137894	0.005343535915017128	0.034386567771434784	0.03350934013724327	0.009815743193030357	0.010164089500904083	0.041842930018901825	0.08571116626262665
-0.06814258545637131	-0.06909170746803284	-0.016699139028787613	-0.02651694416999817	-0.0617549791932106	-0.036573175340890884	-0.034629613161087036	-0.02054884470999241	-0.03938199579715729	0.038472287356853485
-0.021316248923540115	-0.04269309714436531	-0.015455568209290504	-0.0020698874723166227	-0.022041568532586098	-0.03755146637558937	0.0540488176047802	-0.040058813989162445	-0.003772890195250511	-0.0537283793091774
-0.0850440263748169	-0.03420887142419815	-0.05732809752225876	-0.07438762485980988	-0.011804059147834778	0.03586675599217415	-0.04254851117730141	-0.016571611166000366	0.01522499043494463	-0.02404654584825039
0.029232684522867203	0.0491328164935112	0.06902219355106354	0.026234015822410583	0.051052942872047424	0.019594969227910042	0.04927324503660202	0.02798556163907051	-0.0007136091589927673	0.03971974179148674
0.012336814776062965	-0.0062942965887486935	0.01873595267534256	-0.055003657937049866	0.01734192855656147	-0.0026493072509765625	-0.027060821652412415	-0.014247870072722435	-0.04675350338220596	0.013562927953898907
-0.0053064702078700066	-0.010379384271800518	-0.01783432811498642	0.017232993617653847	-0.01773037575185299	0.02496546134352684	0.011005359701812267	0.050555288791656494	-0.002300927648320794	-0.005393718834966421
0.013795096427202225	-0.0028467681258916855	-0.0006103789201006293	0.007033731788396835	-0.0402168333530426	-0.07570216059684753	-0.03003052994608879	-0.004082202911376953	0.06588814407587051	0.050332751125097275
0.008551214821636677	0.016941750422120094	-0.04750286042690277	0.032791849225759506	0.02083960548043251	-0.025234846398234367	-0.008467499166727066	0.04437628388404846	-0.011341389268636703	0.04167679324746132
-0.03200145438313484	-0.06688877195119858	-0.05064256116747856	-0.10223647207021713	-0.05647764354944229	-0.06789296120405197	-0.05407461151480675	-0.07002396881580353	-0.030377211049199104	-0.0446450300514698
-0.06273749470710754	-0.023286715149879456	-0.003921417985111475	0.027911722660064697	-0.07012926787137985	-0.03281886503100395	-0.02130458503961563	0.004990318790078163	-0.0729646161198616	-0.08223485201597214
-0.042229846119880676	-0.020492464303970337	-0.0014602132141590118	-0.05320393666625023	-0.00728008896112442	-0.09214138984680176	0.027101224288344383	-0.049085430800914764	-0.029024994000792503	-0.04842457175254822
-0.022133776918053627	-0.046265631914138794	-0.04366166889667511	0.02826640196144581	0.006707183085381985	-0.03860154002904892	0.022466357797384262	0.005305277183651924	0.037919312715530396	-0.048127077519893646
-0.026464976370334625	-0.0089263329282403	0.02049531601369381	-0.009822550229728222	-0.012471347115933895	-0.00764848617836833	0.034277111291885376	0.02150149829685688	0.031003061681985855	0.04282558336853981
0.01247820071876049	0.013601595535874367	0.01798287034034729	0.06164511293172836	0.021430745720863342	0.040235698223114014	0.09078767895698547	0.05013342574238777	0.040582962334156036	0.019478533416986465
0.05565054714679718	0.03252699598670006	0.02692040242254734	0.04066617041826248	-0.04935922473669052	0.040653251111507416	0.007899461314082146	-0.026328610256314278	0.003099794965237379	0.06665544956922531
0.0011766518000513315	0.004744495265185833	-0.038675494492053986	0.0058524515479803085	0.0036381371319293976	-0.027469564229249954	0.028049662709236145	-0.004028383642435074	0.0007179873064160347	0.0033653248101472855
-0.028611162677407265	-0.05729168653488159	-0.02014191821217537	-0.03490000218153	-0.02814723178744316	-0.0078706881031394	-0.00047770701348781586	-0.003093468025326729	-0.004366779699921608	0.004900625441223383
-0.0010560089722275734	0.00380112137645483	-0.006192544940859079	-0.037235815078020096	-0.02828293666243553	-0.01182631216943264	-0.021693486720323563	-0.001113757025450468	-0.01081389095634222	-0.05093594267964363
-0.04771577939391136	-0.08232290297746658	0.04054871201515198	-0.0134156234562397	-0.056481897830963135	-0.0002680337056517601	-0.019016128033399582	-0.0419158972799778	0.008806854486465454	-0.038384031504392624
0.049555372446775436	0.061790503561496735	0.02238028682768345	-0.0029576376546174288	0.03962518647313118	0.003115901257842779	0.009835254400968552	-0.011111839674413204	0.07755769789218903	0.0036291200667619705
-0.020519496873021126	-0.009222118183970451	-0.0905141532421112	-0.02094455435872078	-0.014172153547406197	0.015484930016100407	-0.010179183445870876	0.04408864676952362	-0.023016855120658875	0.029787635430693626
0.05354016646742821	0.009077574126422405	0.0247727632522583	0.04446670040488243	0.04292812943458557	0.01851220428943634	0.04205000773072243	0.013704811222851276	0.06139564886689186	0.02573063038289547
0.01632361114025116	0.052240628749132156	-0.015102549456059933	0.004171271342784166	-0.007061465177685022	0.00833631120622158	0.031127821654081345	0.044995542615652084	0.007683930452913046	0.013807004317641258
0.02173185534775257	-0.022754553705453873	-0.023676322773098946	-0.07447770237922668	0.04135477915406227	0.01693783700466156	0.03362559527158737	0.027009207755327225	-0.018223827704787254	0.01932165026664734
0.026820311322808266	0.005567745305597782	0.024566974490880966	-0.013473142869770527	0.042372677475214005	0.09276546537876129	0.021870136260986328	0.013093451969325542	-0.05621772259473801	-0.0066298809833824635
0.010147477500140667	-0.004956584423780441	-0.0009100232273340225	-0.006375558208674192	0.011788807809352875	0.042051978409290314	-0.053351305425167084	-0.04760121926665306	0.02126859501004219	0.015529236756265163
-0.012768058106303215	0.021034376695752144	-0.05987221375107765	0.010434200055897236	0.018916822969913483	0.025958959013223648	-0.09424649178981781	-0.04179038852453232	-0.006054269149899483	-0.048012975603342056
-0.1026126891374588	-0.08822637051343918	-0.027490340173244476	-0.07238715142011642	-0.024455435574054718	-0.06015993654727936	-0.10229180753231049	-0.04582305625081062	-0.0723867267370224	-0.06046455353498459
0.015041526407003403	-0.027356106787919998	-0.02562805451452732	-0.012467201799154282	0.037442222237586975	-0.008229028433561325	0.03988258168101311	0.016330339014530182	0.04740459471940994	-0.07216458022594452
-0.017354469746351242	-0.0178937129676342	-0.004282820969820023	0.01846662349998951	0.05647934228181839	0.012756126932799816	0.03548228368163109	0.006127750501036644	-0.020531952381134033	-0.05063652619719505
0.026904389262199402	0.08676035702228546	0.07467110455036163	0.1140613779425621	0.0651249885559082	0.09112739562988281	0.08961022645235062	0.0490560382604599	0.055542975664138794	0.0898345559835434
-0.01081196777522564	0.0482848696410656	0.05872507765889168	0.027502605691552162	0.01678374409675598	0.07697203010320663	-0.006583202630281448	0.0297236405313015	-0.003383840434253216	0.04698093608021736
-0.0014597396366298199	-0.008258041925728321	0.0033683243673294783	-0.026955440640449524	-0.04616071656346321	-0.024246318265795708	-0.040963348001241684	-0.03221684694290161	0.01576746441423893	0.0026368885301053524
0.035213157534599304	0.008014757186174393	-0.016049474477767944	0.05605519562959671	0.029626773670315742	0.07407136261463165	0.07496679574251175	0.05770654231309891	0.02181128039956093	-0.04029042646288872
-0.03720042109489441	-0.004130173474550247	-0.05119863525032997	-0.07605733722448349	-0.03229902312159538	-0.04914195090532303	0.006427726708352566	0.008021717891097069	-0.03823151811957359	0.0028276629745960236
-0.016681816428899765	-0.012031021527945995	0.034267865121364594	-0.06110542267560959	0.021145273000001907	0.008031664416193962	0.005786924157291651	-0.025262780487537384	0.024312254041433334	-0.011977283284068108
-0.01589358225464821	-0.058122389018535614	-0.02969791367650032	-0.029193690046668053	-0.0118757588788867	0.008100174367427826	0.00699852779507637	-0.03992366045713425	0.00415033008903265	-0.038449931889772415
-0.013472534716129303	-0.014536846429109573	-0.015308476984500885	0.0013181804679334164	-0.06797219812870026	-0.07090426981449127	-0.02108721062541008	-0.02004128508269787	0.013035742565989494	-0.0033952146768569946
-0.013700596988201141	-0.050900235772132874	-0.04616624116897583	-0.04935144633054733	-0.0020763748325407505	-0.01946990005671978	-0.018293503671884537	-0.06227530539035797	0.03256231173872948	0.014551326632499695
0.05577776953577995	-0.00444042356684804	0.07039400935173035	0.055660903453826904	0.08026242256164551	0.05061513930559158	0.037248216569423676	0.048579245805740356	0.08288595080375671	0.049801092594861984
0.006782891228795052	0.0324903279542923	-0.04740627110004425	0.014405898749828339	0.011806756258010864	0.01665058359503746	0.07656249403953552	0.02566489577293396	0.01952378638088703	0.013768723234534264
-0.01986071839928627	0.022145923227071762	-0.04852108284831047	-0.007072746753692627	-0.007722768001258373	0.05654073506593704	0.017674937844276428	-0.00818273052573204	0.028803154826164246	0.05545206740498543
0.0155714126303792	0.03680944815278053	0.07872365415096283	-0.005941892042756081	0.008816777728497982	0.07556156069040298	0.003980858251452446	-0.05304601415991783	-0.004058472812175751	-0.008321279659867287
-0.07190598547458649	-0.012698592618107796	0.012357871979475021	0.036617133766412735	0.016195857897400856	0.00783396977931261	-0.04926440119743347	-0.018694810569286346	0.027839835733175278	0.0023986054584383965
-0.044489894062280655	0.02362797036767006	-0.006888257339596748	-0.03695707395672798	-0.06647153198719025	-0.061293572187423706	-0.05252842232584953	-0.015334893018007278	-0.04608441889286041	0.006624351255595684
-0.026852425187826157	-0.018197156488895416	0.0073154643177986145	-0.023261547088623047	0.02950999140739441	-0.03819235414266586	0.03269091621041298	-0.011665010824799538	0.055866219103336334	-0.06967033445835114
-0.0012520179152488708	0.005900347605347633	0.06026626378297806	0.05788012966513634	-0.04540034383535385	0.008338846266269684	0.042991939932107925	-0.016918540000915527	-0.01982993260025978	0.0011661318130791187
0.01466321386396885	-0.0217150766402483	-0.06923770904541016	-0.055691417306661606	0.022117281332612038	-0.025804731994867325	-0.03787079453468323	-0.03627173975110054	0.00197469349950552	-0.02108043245971203
0.06845948845148087	-0.0479569211602211	0.08976299315690994	0.009070193395018578	0.047013066709041595	-0.021978972479701042	0.08715654164552689	-0.021974317729473114	0.01645715907216072	-0.02556750178337097
0.027245357632637024	0.012589197605848312	0.0027757161296904087	0.041485801339149475	-0.0010445639491081238	-0.05803004279732704	-0.006945574656128883	-0.007415066007524729	-0.0018165595829486847	-0.021548811346292496
-0.007539363112300634	0.05600542575120926	0.03408348560333252	-0.0012845834717154503	0.0449831523001194	0.05178403854370117	0.02685476467013359	-0.0023688701912760735	0.039408665150403976	0.042070601135492325
-0.03810509294271469	-0.07349025458097458	0.0036710305139422417	-0.1004277914762497	-0.0788298025727272	-0.044599782675504684	-0.06884217262268066	-0.08677878975868225	0.006874084006994963	-0.07405238598585129
0.043647244572639465	-0.0026998408138751984	-0.02332926169037819	-0.027077691629529	-0.01064552366733551	0.006775062996894121	-0.018821286037564278	-0.03401103988289833	-0.0020363908261060715	-0.02709566429257393
0.04226416349411011	0.029399946331977844	0.0028714239597320557	-0.025300730019807816	0.008929458446800709	0.040206246078014374	0.016716841608285904	0.020965691655874252	0.0722958892583847	0.09579773247241974
0.024663560092449188	0.009882357902824879	-0.00622674822807312	0.08525566011667252	0.048371151089668274	0.040758080780506134	0.052645303308963776	0.026427073404192924	0.013921873643994331	0.05379518121480942
0.019743934273719788	0.06671181321144104	0.0482366643846035	0.010686292313039303	0.0254755187779665	0.0339505597949028	-0.015759345144033432	0.00888795591890812	-0.033215589821338654	-0.004904136061668396
0.01491403765976429	0.03994192183017731	0.04004441946744919	0.012997960671782494	-0.011304466053843498	0.053403325378894806	0.009552830830216408	0.01966715045273304	-0.002084532752633095	0.011785728856921196
0.0066766561940312386	-0.06804099678993225	-0.07711434364318848	-0.014105163514614105	0.03729895129799843	0.03474785387516022	0.030213885009288788	-0.011616868898272514	-0.046271469444036484	-0.0381445474922657
0.02240932360291481	-0.012617290019989014	0.027629826217889786	-0.02654608152806759	-0.026726331561803818	-0.04565410315990448	0.021499520167708397	0.04497701674699783	0.004364445805549622	0.016479285433888435
-0.007119449321180582	-0.009088602848351002	-0.06583303213119507	-0.033987682312726974	0.03149157017469406	0.058445096015930176	0.05596721172332764	0.03156449645757675	0.010580934584140778	0.026387758553028107
-0.012314326129853725	-0.0030511226505041122	0.004962609149515629	0.034692857414484024	0.08069435507059097	0.010074641555547714	0.059195660054683685	0.020522482693195343	-0.05105007067322731	-0.03227335959672928
0.03518609702587128	0.020349185913801193	-0.07321669906377792	-0.028393544256687164	-0.04248856008052826	-0.020413154736161232	0.023974131792783737	0.011217888444662094	0.02291925624012947	0.027298230677843094
-0.06428948044776917	-0.04463861882686615	-0.05467204004526138	-0.051425136625766754	-0.010895900428295135	-0.0012078182771801949	-0.050311438739299774	-0.06389786303043365	-0.028598207980394363	-0.04439394921064377
-0.009825089946389198	0.012040529400110245	0.015766074880957603	-0.009190192446112633	-0.0012339083477854729	0.044589269906282425	-0.027616601437330246	-0.0010228045284748077	-0.004815305583178997	0.10580645501613617
-0.05120300501585007	-0.013754567131400108	0.015334021300077438	-0.05089991167187691	-0.03260961174964905	-0.0047311317175626755	-0.02861294522881508	-0.04003582522273064	0.008091309107840061	-0.024037355557084084
0.003175191581249237	0.04335551708936691	0.0077827973291277885	0.058044783771038055	0.04876234382390976	0.08493173867464066	0.07217393070459366	0.08463894575834274	0.035385992377996445	0.07468655705451965
0.022248750552535057	0.004444037098437548	0.03348737210035324	0.04159648343920708	0.02597474306821823	-0.015757614746689796	0.04225153848528862	0.012935406528413296	0.026543620973825455	0.07570477575063705
-0.06046672165393829	-0.0028270711190998554	-0.03309708461165428	-0.02479242905974388	0.009512700140476227	0.009759803302586079	-0.037411004304885864	-0.0017322860658168793	-0.037509553134441376	0.014372333884239197
0.020309647545218468	0.020036425441503525	-0.017927994951605797	0.002102901227772236	0.024511050432920456	-0.024456312879920006	0.02136620506644249	-0.0541144460439682	0.0020958916284143925	0.007100728340446949
-0.013880097307264805	-0.009692126885056496	-0.008745684288442135	-0.06814161688089371	-0.003809466026723385	0.007379041984677315	0.0005728304386138916	-0.05025273561477661	-0.011320631019771099	-0.02292179875075817
-0.009290775284171104	-0.021459106355905533	-0.01597128063440323	0.03210024908185005	0.0005008699372410774	-0.028460493311285973	0.0034244211856275797	0.05217766761779785	0.029057161882519722	-0.003047136589884758
0.02883642353117466	0.016447529196739197	0.05867646634578705	0.052848029881715775	0.0576106533408165	0.05318370461463928	0.03699163347482681	0.021776415407657623	0.0603962317109108	0.030176842585206032
-0.0792577788233757	-0.033060912042856216	-0.055470772087574005	-0.060307715088129044	-0.0405435785651207	-0.018244827166199684	0.026563629508018494	0.017484955489635468	-0.06129948049783707	0.015407542698085308
0.06786756962537766	0.023845406249165535	0.061809390783309937	-0.004217488691210747	0.06931234896183014	0.02699437364935875	0.05407392606139183	-0.013017351739108562	0.04813460260629654	0.0306687131524086
-0.0034296661615371704	0.020623525604605675	-0.07109224051237106	0.009086545556783676	0.003983865492045879	-0.03202694654464722	-0.01980624347925186	-0.0009803734719753265	-0.03468781337141991	0.018120888620615005
0.06218768656253815	0.029921330511569977	-0.012514390051364899	0.0518791489303112	0.018841274082660675	0.044263336807489395	0.0019769761711359024	-0.010145280510187149	-0.019201738759875298	0.025999441742897034
0.008638443425297737	0.003956612199544907	-0.11212585866451263	-0.09828347712755203	-0.01645713485777378	-0.03059190697968006	-0.0029400880448520184	0.04369155317544937	-0.056227631866931915	-0.0442262664437294
0.015603997744619846	0.001958920620381832	-0.09170342981815338	0.021304816007614136	-0.049994342029094696	0.014813453890383244	-0.07708004862070084	-0.00570374121889472	0.00243348628282547	-0.024410393089056015
-0.015560947358608246	0.004547652322798967	-0.011365476995706558	0.01757672056555748	0.01998016983270645	-0.02700064517557621	0.012838483788073063	0.00923529639840126	-0.016299668699502945	0.02990221604704857
0.0050719380378723145	-0.0023645441979169846	-0.012319246307015419	-0.007637600414454937	0.011224232614040375	0.04604304954409599	0.007353357505053282	0.004134202841669321	0.010161918587982655	0.03892659768462181
0.02633102983236313	0.015295673161745071	0.020383454859256744	0.08236661553382874	0.02080683223903179	0.01818813383579254	-0.013769484125077724	0.006265265867114067	0.06714504212141037	0.05457005277276039
-0.06625696271657944	0.027538934722542763	-0.05688203126192093	-0.003913216758519411	-0.03335680067539215	-0.03238489851355553	-0.04673420265316963	0.007843020372092724	0.0019016657024621964	-0.027772800996899605
-0.008582278154790401	-0.013739046640694141	-0.01084682997316122	-0.0465141162276268	-0.07708972692489624	0.08198770880699158	-0.011366413906216621	-0.03134272247552872	-0.02394670993089676	-0.047483161091804504
0.009768565185368061	-0.09704960137605667	0.020571744069457054	-0.0517149418592453	-0.023642875254154205	-0.08159767091274261	0.04623046889901161	-0.027268651872873306	0.05162155255675316	-0.011739357374608517
0.003292628563940525	-0.02981841377913952	-0.04543188586831093	-0.0435311533510685	-0.06690056622028351	-0.13935726881027222	0.04053948447108269	0.014872358180582523	-0.07073255628347397	-0.05260279402136803
0.07474546879529953	0.023172536864876747	0.007107954937964678	0.03666944056749344	-0.010047873482108116	0.01620062068104744	0.06195303797721863	0.01749284937977791	-0.0005127768963575363	0.03132214769721031
0.005675417371094227	0.020745474845170975	-0.044225115329027176	0.034819867461919785	0.0009249234572052956	-0.015177525579929352	-0.02367757447063923	0.01812794804573059	0.03942903131246567	0.0317583903670311
-0.002707897685468197	0.007136661559343338	-0.0775139182806015	-0.020149849355220795	-0.03902377188205719	-0.002546869218349457	-0.04846620932221413	-0.04443259537220001	-0.03170645236968994	-0.014032031409442425
0.011717227287590504	-0.045081060379743576	0.020305301994085312	0.02707821875810623	0.02662413753569126	0.00965491496026516	-0.029947619885206223	0.00961160846054554	0.08137986063957214	0.04238703101873398
0.0358138382434845	0.0420498251914978	0.049397699534893036	-0.000822210218757391	0.040141761302948	-0.025722958147525787	0.05319206416606903	0.0016547618433833122	0.006000159773975611	0.0065464661456644535
-0.031991779804229736	0.03356977924704552	-0.02542920410633087	0.0313316285610199	-0.0222616046667099	0.03367245942354202	0.032733768224716187	0.026502825319767	0.006144172511994839	0.04285425692796707
-0.01956874504685402	-0.01331897173076868	-0.0546816885471344	0.007421587593853474	0.04427892342209816	-0.006290314253419638	0.01821385696530342	0.029775476083159447	0.033809687942266464	-0.02438081055879593
0.003636125475168228	-0.017901349812746048	0.015363680198788643	-0.02490694262087345	0.01831042394042015	0.01822054013609886	-0.0313236229121685	-0.02909524366259575	0.0355580598115921	-0.0023076655343174934
-0.02035575732588768	0.053473398089408875	-0.025333531200885773	-0.03323538601398468	-0.0019196486100554466	-0.008789502084255219	0.03688330203294754	0.03790779411792755	0.012653421610593796	-0.05434928834438324
-0.03741515427827835	-0.05345926433801651	-0.008189363405108452	-0.08385911583900452	-0.028317373245954514	-0.00281581562012434	-0.0831046998500824	-0.053920868784189224	-0.07173474133014679	0.011672694236040115
0.05279803276062012	0.008650727570056915	0.03572099283337593	-0.008228662423789501	0.05683159828186035	0.037502601742744446	0.008682440966367722	0.013887610286474228	0.08951409161090851	-0.00014561647549271584
-0.029431289061903954	0.0006166489329189062	-0.0304584838449955	-0.031666647642850876	-0.03283077850937843	-0.08455593138933182	-0.018547948449850082	-0.06460623443126678	0.007198509760200977	-0.08646489679813385
-0.016839342191815376	0.011382954195141792	-0.030422169715166092	0.034138720482587814	-0.05346940457820892	-0.010113457217812538	0.003369860351085663	0.0029297498986124992	0.006081638392060995	-0.00026429304853081703
-0.0923139676451683	0.010142774321138859	-0.010348466224968433	-0.016744939610362053	-0.08880910277366638	0.009460930712521076	-0.020136266946792603	-0.016191691160202026	-0.01736387051641941	0.010413898155093193
-0.02984868735074997	-0.001220514765009284	-0.02117455191910267	0.037600766867399216	0.019913502037525177	0.0022809691727161407	-0.008484229445457458	-0.03850242868065834	0.06882588565349579	0.02851637452840805
0.0025198552757501602	0.02958572842180729	-0.015441147610545158	0.00527418777346611	-0.013163880445063114	0.06343509256839752	-0.0390467643737793	0.029422953724861145	-0.04953944683074951	0.006634688936173916
-0.03129338100552559	0.004479463677853346	-0.0605723112821579	-0.10599302500486374	-0.027635525912046432	-0.007959377020597458	-0.003346063429489732	-0.0181543231010437	-0.05826689675450325	-0.004422708414494991
0.07663081586360931	0.014028754085302353	0.05961194261908531	0.06794828176498413	0.06007073074579239	0.05147334933280945	0.10984636098146439	0.034967564046382904	0.0920247882604599	0.00676921010017395
-0.006797273177653551	0.047183964401483536	-0.001800465164706111	0.01714090257883072	0.04581759497523308	0.04536759853363037	0.05408663675189018	0.07553613185882568	-0.06051526591181755	-0.005938715301454067
0.021130859851837158	-0.01704408973455429	0.003109515644609928	0.004893834237009287	0.011730343103408813	-0.03582058101892471	-0.020872432738542557	0.0275923740118742	-0.026296274736523628	-0.013794103637337685
0.07816111296415329	0.012516212649643421	0.05880904197692871	0.06156741455197334	0.021063407883048058	0.0035508833825588226	0.06897751986980438	0.02142963372170925	0.018623126670718193	-0.0015141461044549942
0.009031904861330986	0.005466541275382042	-0.007810734678059816	0.005848173517733812	0.013401017524302006	0.03523337095975876	-0.0030540013685822487	0.0085867615416646	-0.03554295375943184	-0.05236383527517319
-0.04906926676630974	0.029645811766386032	-0.018805857747793198	-0.03827762231230736	-0.005241627339273691	-0.013792689889669418	-0.03341393172740936	-0.037867531180381775	-0.04813281446695328	-0.03374851495027542
-0.014724355190992355	0.009825145825743675	-0.03636360168457031	0.042429640889167786	-0.034080881625413895	-0.05899690091609955	-0.048520877957344055	0.009575186297297478	-0.017720231786370277	0.015037219040095806
-0.07687918841838837	-0.008931631222367287	-0.016576556488871574	-0.09960242360830307	-0.07155244052410126	-0.08489342033863068	-0.040884051471948624	-0.013681823387742043	-0.03344148397445679	-0.04044652357697487
0.010888298973441124	-0.018506024032831192	-0.006553949788212776	-0.0009750057943165302	0.010584155097603798	0.00662056403234601	0.013015511445701122	0.012557190842926502	0.0055222660303115845	0.013705942779779434
-0.03837050125002861	-0.033118024468421936	-0.03497616946697235	-0.07001521438360214	-0.03029814176261425	-0.07404254376888275	0.011768504045903683	-0.06006240472197533	-0.08809323608875275	-0.06067647039890289
-0.017980167642235756	-0.01277804747223854	0.0427154004573822	0.02990495041012764	-0.03238658607006073	-0.049803584814071655	-0.040426671504974365	-0.0370851494371891	0.01739046722650528	-0.06929216533899307
0.024935990571975708	0.0648607537150383	0.08385875821113586	-0.014533886685967445	-0.015100761316716671	-0.03980362415313721	-0.007378826383501291	-0.0067406948655843735	-0.0277717225253582	-0.03745558485388756
0.003321112133562565	0.015992959961295128	-0.003559928387403488	-0.0648467168211937	0.02632022276520729	0.05142086371779442	0.059986013919115067	0.012440431863069534	-0.037875253707170486	0.032754115760326385
-0.005531110800802708	-0.02585708349943161	-0.02095683477818966	0.0346614345908165	-0.04816659539937973	0.06309853494167328	-8.962070569396019e-05	0.034034982323646545	0.04003316909074783	0.087673120200634
-0.03431154415011406	-0.023648880422115326	0.05910051614046097	0.023457549512386322	-0.010536618530750275	0.026194363832473755	-0.061466071754693985	-0.01150460820645094	0.03119935281574726	-0.0009218230843544006
-0.048156965523958206	-0.04566563293337822	-0.01346326433122158	-0.01810494437813759	-0.02232828363776207	-0.03628005459904671	-0.03608136624097824	-0.01789160445332527	0.002369611756876111	-0.026571283116936684
0.00192947406321764	-0.01807345263659954	-0.005328104365617037	0.007185217924416065	0.027812141925096512	-0.056278981268405914	0.04924708604812622	-0.010794873349368572	0.0009094187989830971	-0.014048694632947445
-0.041219811886548996	-0.0807940736413002	-0.025255324319005013	0.00852850079536438	-0.0543418824672699	-0.027972737327218056	0.001807712484151125	-0.004524033050984144	-0.02273799665272236	-0.03213854134082794
0.00821838527917862	0.004412770736962557	-0.002793373540043831	-0.018580982461571693	-0.015520117245614529	-0.041677094995975494	-0.03364810720086098	-0.05545829236507416	-0.05052803456783295	-0.07393638044595718
0.022692160680890083	0.011438589543104172	-0.05099540203809738	0.02598419226706028	0.04694744944572449	-0.0026833931915462017	0.050841476768255234	0.043183259665966034	0.02533850260078907	0.013688800856471062
-0.0011794964084401727	-0.03770668804645538	-0.02517310343682766	0.024415483698248863	-0.011033277958631516	-0.0027044261805713177	0.02577083930373192	0.009269286878407001	0.017935171723365784	-0.05054149031639099
-0.019144156947731972	0.01134346704930067	-0.06115975230932236	0.04188690334558487	-0.02021840400993824	-0.027824237942695618	-0.010330833494663239	0.020109839737415314	-0.002961353398859501	-0.024897662922739983
0.019345086067914963	0.04239741712808609	-0.04199010506272316	-0.046247486025094986	-0.0394531674683094	0.03333909809589386	0.02613791823387146	0.052536483854055405	-0.03347901254892349	0.02743593230843544
0.0280138049274683	-0.024610668420791626	-0.046894483268260956	-0.0592961385846138	-0.009512705728411674	-0.024887535721063614	-0.043111369013786316	-0.08834755420684814	0.04541552811861038	-0.01849491521716118
0.025061871856451035	0.025185607373714447	0.009926259517669678	0.011828847229480743	-0.01951982080936432	0.03142297640442848	0.02125449851155281	0.04150974005460739	0.03944879770278931	0.03658287227153778
0.013238112442195415	-0.016859497874975204	-0.04875878989696503	0.06825648248195648	-0.0440315306186676	-0.012257491238415241	-0.040818314999341965	-0.002426578663289547	-0.0400993674993515	-0.009711155667901039
0.005695819854736328	0.015183396637439728	0.09477594494819641	0.004290475510060787	0.015438909642398357	-0.016039755195379257	-0.037012599408626556	-0.07088422775268555	0.008780930191278458	0.013424423523247242
-0.04822763800621033	-0.04440414905548096	0.04911626875400543	0.030008209869265556	-0.0525830052793026	-0.05829285830259323	-0.05997367948293686	-0.055080071091651917	-0.09715546667575836	0.011461535468697548
0.03618878126144409	-0.026940543204545975	0.019207989796996117	-0.004828550387173891	0.04010344296693802	-0.05254554748535156	0.07709967344999313	0.0019560065120458603	0.05085863918066025	-0.03987664729356766
-0.07223695516586304	-0.06238395720720291	0.0307249017059803	-0.057504549622535706	0.015280925668776035	0.007886208593845367	-0.09295500814914703	-0.05628049001097679	-0.032947640866041183	-0.052017733454704285
-0.05971875786781311	-0.06348303705453873	-0.025923000648617744	-0.06478115171194077	-0.04467274993658066	-0.09512096643447876	-0.04233301058411598	-0.0460457019507885	-0.030791575089097023	-0.04908759519457817
0.018792778253555298	-0.008351262658834457	-0.037832386791706085	0.0005513373762369156	-0.010481754317879677	0.010722230188548565	-0.07324349880218506	-0.03220817446708679	0.027836211025714874	-0.009033107198774815
-0.010309525765478611	0.01810711808502674	0.020152907818555832	0.01980043575167656	-0.02756425179541111	0.018541010096669197	-0.0827256515622139	0.0021561812609434128	0.010473188012838364	0.01769518107175827
-0.020183727145195007	-0.038377031683921814	0.02530898153781891	-0.07155665755271912	0.03712733834981918	-0.08024093508720398	0.005879286676645279	-0.021692369133234024	-0.020980089902877808	-0.08382635563611984
0.020628824830055237	0.017512088641524315	-0.05586322769522667	-0.044111840426921844	0.026873914524912834	0.029032103717327118	-0.011388164013624191	0.000995974987745285	0.026515280827879906	0.021704066544771194
0.006205831188708544	-0.022869184613227844	0.022040240466594696	-0.02176288701593876	-0.006738211959600449	-0.004608375020325184	0.02608446776866913	-0.0322502963244915	0.051217369735240936	-0.03042544052004814
0.0004710126668214798	0.03669516742229462	0.019045306369662285	-0.0731944590806961	-0.02382281981408596	0.017741510644555092	-0.013720673508942127	-0.016923800110816956	-0.036468327045440674	-0.07388851046562195
0.07030433416366577	-0.05726654827594757	0.01141824759542942	-0.08974388241767883	0.11769933998584747	0.015324776992201805	0.05387033894658089	-0.05214561149477959	-0.009202184155583382	-0.03519020602107048
0.002896940801292658	0.035241782665252686	0.029251638799905777	0.036759890615940094	0.006699671503156424	0.023647014051675797	-0.002101047895848751	0.02075076475739479	0.011419275775551796	0.038739461451768875
0.05640743300318718	0.08025965094566345	0.06693620979785919	0.04320131614804268	0.007411283906549215	0.04687009006738663	0.07848210632801056	0.03515152633190155	0.08286452293395996	0.08954507857561111
0.05658026039600372	-0.02692209929227829	0.01604217290878296	-0.07646259665489197	0.03580627590417862	-0.04825059324502945	0.028918128460645676	-0.009799737483263016	0.019163399934768677	-0.04618430882692337
0.02667257748544216	0.08588948845863342	-0.020857639610767365	0.05353698879480362	-0.003859506454318762	0.03488092124462128	0.0157923623919487	0.0710168331861496	-0.008363723754882812	0.055147890001535416
0.013885177671909332	0.0011433395557105541	0.06712780892848969	0.07514858990907669	0.06851156055927277	-0.036812350153923035	0.045274317264556885	0.017509683966636658	-0.002778136171400547	0.025144128128886223
0.04530242830514908	0.05023972690105438	0.02148713357746601	0.006293245125561953	0.01751057058572769	0.025842899456620216	0.049579426646232605	0.0005938909016549587	0.008710453286767006	-0.0074312277138233185
-0.00399160897359252	-0.03161529824137688	0.0054619344882667065	-0.01517665758728981	-0.027427421882748604	0.00786553230136633	-0.008100518956780434	-0.034844592213630676	-0.026919709518551826	-0.03525998443365097
0.002183777280151844	-0.013150002807378769	0.04747446998953819	-0.012621210888028145	0.026031503453850746	0.011720571666955948	0.019261859357357025	0.03148352727293968	0.03863692283630371	-0.009961730800569057
-0.01645519584417343	0.004797467961907387	-0.003956664353609085	0.016481464728713036	0.0021914176177233458	-0.027837859466671944	0.011195700615644455	0.04837741702795029	-0.010507187806069851	-0.03424740955233574
0.013134850189089775	0.006955422461032867	-0.04650542885065079	-0.018260939046740532	-0.03718108683824539	0.021791957318782806	0.04635052755475044	0.08483365178108215	-0.002183547243475914	0.05124639347195625
-0.05653451383113861	-0.022348932921886444	0.006512688007205725	-0.0439651794731617	-0.042876239866018295	0.0502852201461792	-0.041700370609760284	-0.010636422783136368	0.008630231022834778	0.015682876110076904
-0.042396724224090576	0.00043982453644275665	-0.04228143021464348	-0.017720505595207214	-0.027088314294815063	0.04021255299448967	-0.018060103058815002	-0.012245260179042816	-0.04972909390926361	-0.005061489064246416
-0.03264357149600983	-0.07875484228134155	-0.012201154604554176	-0.08717411756515503	0.015255841426551342	-0.05543970316648483	-0.03949359059333801	-0.024280112236738205	0.11595705151557922	0.054418548941612244
0.038015998899936676	0.03236198052763939	0.0013893391005694866	-0.00026667676866054535	-0.005139533430337906	0.030110303312540054	0.003270651213824749	0.0634104534983635	0.051745470613241196	0.024127040058374405
-0.023238759487867355	-0.0043368833139538765	-0.0034596985206007957	-0.007898740470409393	0.03115171380341053	0.037962451577186584	0.04033377394080162	0.012363651767373085	-0.04241526126861572	-0.024009115993976593
-0.015021281316876411	-0.02436424046754837	-0.016309436410665512	-0.05069410428404808	-0.05989306420087814	-0.05962985008955002	-0.021003669127821922	-0.030369259417057037	-0.06547639518976212	-0.05890420824289322
-0.013751750811934471	-0.036298152059316635	-0.045346450060606	-0.04669012874364853	0.0028165350668132305	-0.07656864076852798	-0.012685641646385193	-0.0008907504379749298	0.008528217673301697	0.008301038295030594
0.00521725881844759	-0.03448836877942085	-0.016722271218895912	-0.10502494871616364	0.02274486795067787	-0.07030506432056427	-0.029153738170862198	-0.05766509100794792	0.047709424048662186	-0.00889897346496582
-0.022646591067314148	0.01627316325902939	-0.0486779548227787	-0.06954792141914368	-0.003057665191590786	-0.0635637566447258	-0.042347799986600876	-0.08202365040779114	-0.012330703437328339	-0.010643508285284042
0.030998004600405693	-0.018658645451068878	0.000554349273443222	0.04488404467701912	0.04906301945447922	0.048997875303030014	0.03125631436705589	0.02577304281294346	-0.018909243866801262	-0.05938940495252609
-0.014025837182998657	-0.003948388621211052	-0.07301247119903564	0.02073475904762745	-0.03933623060584068	0.01397709921002388	-0.05616537109017372	-0.004599792882800102	-0.08593010902404785	-0.04482467100024223
-0.018728675320744514	0.018478352576494217	-0.04851973056793213	-0.06910179555416107	-0.026821846142411232	0.010374176315963268	-0.053899820894002914	-0.04388051852583885	0.04007754847407341	-0.037441954016685486
0.0031701361294835806	0.010943172499537468	-0.01797552779316902	-0.09017191082239151	0.02744315192103386	-0.07812704890966415	-0.012822212651371956	-0.033408403396606445	-0.076456218957901	-0.09624776989221573
0.037480227649211884	0.012088954448699951	0.06255807727575302	-0.029477793723344803	0.08950688689947128	0.04478360339999199	0.006851823069155216	0.03209009766578674	-0.025896523147821426	-0.003008749336004257
0.06138979643583298	0.0363457053899765	0.016236355528235435	-0.0036309584975242615	0.04139334335923195	0.06808660179376602	0.04764549806714058	0.035239413380622864	-0.01637338474392891	-0.01470983400940895
-0.030854927375912666	0.004288714379072189	0.006410357542335987	0.018825413659214973	0.021663852035999298	0.0146462582051754	-0.005561986938118935	0.011737391352653503	0.018802784383296967	-0.02193528413772583
-0.06665116548538208	-0.05068338289856911	-0.00012777536176145077	-0.019967222586274147	-0.025211501866579056	0.009708192199468613	-0.04039184749126434	-0.041480883955955505	-0.049497734755277634	0.01983685791492462
0.01206771656870842	0.0201027262955904	-0.048265792429447174	-0.02402569353580475	0.038924891501665115	-0.003848735708743334	0.0011079749092459679	-0.01273946464061737	-0.02169075980782509	0.01048477366566658
-0.029411885887384415	0.02180301956832409	-0.028242401778697968	0.0340171679854393	-0.04998074471950531	-0.02333252690732479	-0.006375153549015522	0.028376538306474686	-0.01904241181910038	0.0199876856058836
-0.02323821559548378	0.027088169008493423	-0.019173920154571533	0.03356292098760605	-0.021708203479647636	-0.04047219455242157	-0.08536701649427414	-0.05396764725446701	-0.02306601218879223	0.035476699471473694
-0.06019796058535576	-0.021403701975941658	-0.08257151395082474	-0.042103976011276245	-0.12285517156124115	-0.040440693497657776	-0.11706961691379547	-0.0943818986415863	0.012839128263294697	-0.004832254257053137
-0.035453327000141144	-0.0011340407654643059	-0.019413035362958908	0.013726756907999516	-0.06528046727180481	-0.029297662898898125	-0.026380613446235657	0.05779731646180153	0.004754551220685244	-0.01853814721107483
0.00985381193459034	-0.044941239058971405	0.03501059487462044	-0.0036145125050097704	-0.02459314465522766	-0.07374253869056702	-0.0037904633209109306	-0.008208144456148148	0.03340918943285942	0.016139833256602287
-0.0495336651802063	0.0005911584012210369	0.018218856304883957	0.027662405744194984	-0.025773538276553154	-0.040438055992126465	-0.0074018496088683605	-0.014408710412681103	-0.018512343987822533	0.040365464985370636
0.04436669498682022	-0.015520334243774414	-0.008943035267293453	0.009236561134457588	-0.016385359689593315	0.03421173617243767	0.038176871836185455	0.012923210859298706	0.004182492382824421	0.034007277339696884
0.023637481033802032	-0.007822173647582531	0.010424984619021416	0.01941203698515892	0.028644606471061707	-0.00728503055870533	0.06754575669765472	0.04301188141107559	0.014138986356556416	0.0430450439453125
0.023191625252366066	0.02415504679083824	0.050878215581178665	-0.06820143759250641	0.010152755305171013	-0.01122581958770752	0.04074329882860184	-0.029429834336042404	0.0021804366260766983	0.03551602363586426
-0.08230368047952652	-0.09406813979148865	-0.03857533633708954	-0.03604676201939583	-0.018919220194220543	-0.022030547261238098	0.010914147831499577	-0.015383318066596985	0.01481056772172451	-0.0104605033993721
0.06515061855316162	0.07319767028093338	0.06838078796863556	0.03431681916117668	0.07352933287620544	0.11732224375009537	0.07039210200309753	0.04841681197285652	0.08165372163057327	0.019113877788186073
0.032788604497909546	-0.006411684677004814	-0.03285638988018036	0.0017936243675649166	-0.025107339024543762	0.06760899722576141	0.08413868397474289	0.03525817021727562	0.005987733602523804	-0.003224369138479233
0.065642811357975	0.06826353073120117	-0.019098829478025436	-0.008621729910373688	-0.017276674509048462	-0.053071029484272	0.0032534245401620865	0.0642712265253067	0.020844025537371635	0.04042207449674606
0.01135475467890501	0.04004112258553505	0.05760275572538376	-0.013973381370306015	0.037100281566381454	0.02877003140747547	-0.006670788861811161	-0.02275933139026165	0.07578524202108383	0.04979706555604935
0.002751033753156662	-0.017658932134509087	0.017021866515278816	-0.05084296688437462	-0.002912702038884163	0.0002215588465332985	-0.012067155912518501	-0.04591842740774155	-0.012967771850526333	-0.02309390902519226
-0.023521827533841133	-0.01883707568049431	0.06788401305675507	0.02053414098918438	0.0031538093462586403	0.014752796851098537	-0.009879719465970993	0.004011319950222969	0.01329592615365982	0.0027603991329669952
-0.021901331841945648	-0.05272936448454857	0.035388752818107605	0.033704448491334915	0.02204381674528122	-0.024050891399383545	0.0010098367929458618	-7.316097617149353e-05	-0.003454343881458044	-0.03508612513542175
0.05145474523305893	0.0478714257478714	0.017946919426321983	0.06187698245048523	0.022135142236948013	0.055745333433151245	0.07229288667440414	0.0035762195475399494	0.01628127694129944	0.06437574326992035
0.06832475960254669	0.054665762931108475	0.06093015521764755	0.04750749468803406	0.0043146670795977116	0.004109729081392288	0.07479380816221237	0.02551690861582756	0.013858452439308167	0.02859150804579258
-0.04664213955402374	0.0007734326645731926	-0.005019643343985081	-0.033589258790016174	-0.06822921335697174	0.02484809421002865	-0.021030670031905174	-0.004649756010621786	-0.09127827733755112	-0.015431663021445274
0.01890012063086033	-0.011406267993152142	-0.01962444558739662	-0.0016835518181324005	0.05290702357888222	0.004897255450487137	0.03955046832561493	-0.01524445228278637	0.023806482553482056	0.007823104970157146
-0.0028183646500110626	-0.010733373463153839	-0.050694361329078674	-0.039923157542943954	-0.020559191703796387	-0.04898964986205101	0.01452623587101698	-0.013428443111479282	0.08935675770044327	-0.004486395977437496
0.07944584637880325	0.07192792743444443	0.07299406826496124	0.05738384276628494	0.09227074682712555	0.08435389399528503	0.03272299841046333	-0.007431084290146828	0.033566225320100784	0.013207545503973961
-0.01825539395213127	0.012427481822669506	-0.03531516343355179	0.01620100997388363	-0.03635619580745697	0.0033338675275444984	-0.04815855622291565	-0.019529234617948532	0.028060894459486008	0.007489122450351715
-0.02242312580347061	-0.03129510581493378	0.010030589066445827	0.0360288992524147	0.05323784798383713	0.00426051439717412	0.014578994363546371	0.0027888407930731773	0.061666425317525864	0.014919308945536613
-0.04369860514998436	-0.11263179033994675	0.03130458667874336	-0.018215417861938477	-0.11031007021665573	-0.12346141785383224	-0.01602240279316902	-0.07035285234451294	-0.04239100590348244	-0.0776483342051506
0.0008511506021022797	-0.005153065547347069	0.01796899549663067	-0.02395731210708618	0.0034432699903845787	-0.039023660123348236	0.010824723169207573	-0.05881407856941223	-0.007570131681859493	0.014233049005270004
-0.0005501080304384232	-0.019194461405277252	-0.03664328157901764	0.022526636719703674	-0.03603976592421532	-0.013460793532431126	0.04657933488488197	0.06440737843513489	-0.015340680256485939	-0.018144328147172928
-0.0067916447296738625	-0.002907172776758671	-0.016407985240221024	0.008060114458203316	-0.022189045324921608	0.033675603568553925	-0.001996873877942562	0.018291931599378586	-0.010164247825741768	0.014839638024568558
0.03168695792555809	0.001919914036989212	0.005156697705388069	0.06584419310092926	-0.007950965315103531	0.03088758885860443	0.016715237870812416	0.04737225919961929	0.0028558496851474047	0.024445462971925735
-0.09515941143035889	-0.039095476269721985	-0.02864362671971321	0.008362730965018272	-0.04210725426673889	-0.02005891129374504	-0.07477160543203354	-0.03490006551146507	0.01581573858857155	0.008798264898359776
-0.02369227074086666	-0.004925332963466644	-0.0025882557965815067	-0.0045898789539933205	-0.0017894487828016281	0.01723596453666687	-0.03553419187664986	-0.025665495544672012	0.022898107767105103	-0.006862808484584093
0.004293831996619701	0.029587671160697937	0.008253201842308044	-0.006135321222245693	-0.06260346621274948	-0.06817807257175446	-0.0711560919880867	-0.025594864040613174	-0.035659074783325195	-0.10427246987819672
-0.023291591554880142	-0.028792791068553925	-0.01378914900124073	-0.05300694704055786	-0.05921332910656929	0.05402228608727455	0.048021648079156876	0.0067613208666443825	-0.008324461989104748	0.027324091643095016
0.06647485494613647	0.016297413036227226	0.05004344880580902	0.027304954826831818	0.055834826081991196	0.01374819502234459	0.00952649675309658	0.0014037592336535454	0.07661290466785431	-0.019657297059893608
0.032412245869636536	0.06840638816356659	-0.010716354474425316	0.05792267993092537	-0.03692656382918358	0.045737434178590775	0.017932618036866188	0.04487971216440201	0.002865334041416645	0.041058093309402466
-0.023696456104516983	-0.01934352144598961	0.029274582862854004	-0.020813515409827232	0.0013240952976047993	-0.005596677772700787	-0.008055496029555798	-0.014226769097149372	0.00807969830930233	0.06589126586914062
0.03719563037157059	-0.02002069726586342	-0.02579578571021557	0.043194353580474854	-0.05044176056981087	-0.005469998344779015	0.03199217468500137	-0.004245166666805744	-0.012774947099387646	-0.031233681365847588
0.04180172458291054	0.04400220140814781	0.027017440646886826	0.028219016268849373	0.03482307866215706	0.049177803099155426	0.04822802543640137	0.007527975365519524	0.0013126619160175323	-0.00815514288842678
-0.01954326219856739	-0.053699642419815063	-0.04726913943886757	-0.08793140947818756	0.02996101975440979	-0.08185812085866928	0.03475482761859894	-0.041657108813524246	-0.10588200390338898	-0.09095733612775803
0.0030254442244768143	-0.019816873595118523	-0.012968149967491627	0.05043291300535202	0.007707142736762762	0.03207509219646454	-0.053004708141088486	0.011953171342611313	0.016438335180282593	-0.018268555402755737
0.006578498054295778	0.01291724480688572	0.019124381244182587	0.007367079146206379	-0.010308250784873962	-0.011676233261823654	0.00436802301555872	-0.017260052263736725	-0.046320900321006775	-0.10496760904788971
-0.017710503190755844	-0.0047829654067754745	0.0001089384313672781	-0.05920623987913132	0.05471936613321304	0.022849533706903458	0.03871660307049751	0.007019748445600271	0.08322503417730331	0.03213725984096527
0.002183402655646205	0.009491907432675362	-0.04447276517748833	0.008653723634779453	-0.01707693189382553	-0.025122828781604767	-0.05852186679840088	-0.00889546051621437	0.0085053825750947	-0.03148169070482254
-0.040120579302310944	0.002152014523744583	-0.057017963379621506	-0.04320424050092697	-0.02057705819606781	0.004035548307001591	-0.0026864151004701853	0.001598007627762854	0.009873555973172188	0.03819499537348747
0.0740966722369194	0.015823885798454285	0.017796743661165237	-0.0401797741651535	0.011825703084468842	-0.028734635561704636	0.02370690368115902	-0.004274112172424793	-0.014128726907074451	-0.051217518746852875
-0.029363613575696945	-0.051062557846307755	-0.014867830090224743	-0.08166971057653427	0.027965115383267403	-0.024200761690735817	-0.0010670218616724014	0.009095735847949982	0.009576412849128246	0.004818684421479702
0.007372488267719746	0.06998983025550842	0.0666777566075325	0.036313895136117935	0.01317181158810854	0.02782754972577095	0.04736406356096268	0.049470946192741394	-0.00018505379557609558	-0.0018080351874232292
-0.060474127531051636	0.0015759076923131943	0.0027064187452197075	0.010207480750977993	-0.013147959485650063	0.05624965578317642	-0.01585424691438675	0.018457766622304916	0.027272704988718033	0.04355994611978531
0.004708436317741871	0.06185966730117798	0.02450515329837799	0.009338422678411007	-0.005064506083726883	0.04334057867527008	-0.0009620524942874908	0.0427522137761116	0.030627377331256866	0.06508883833885193
-0.0022702801506966352	0.008399112150073051	-0.02108849585056305	0.08005974441766739	-0.0190642848610878	0.04195660352706909	-0.044983286410570145	0.009330852888524532	0.029178917407989502	0.004553723149001598
0.0177055224776268	-0.03189176321029663	0.011380720883607864	-0.023871859535574913	0.04030599817633629	-0.012680813670158386	-0.010551088489592075	-0.042985230684280396	-0.007258857134729624	-0.040682170540094376
-0.013124514371156693	-0.020772278308868408	0.02414039708673954	-0.026718080043792725	-0.032204024493694305	-0.0573732890188694	0.06117193400859833	-0.0028369897045195103	0.013349469751119614	0.03353695571422577
-0.03221800550818443	-0.032731398940086365	-0.033737681806087494	0.027420377358794212	-0.031082451343536377	-0.0029583116993308067	-0.06244431063532829	0.013434862717986107	0.020959418267011642	0.0368521586060524
-0.03544329106807709	-0.010093199089169502	-0.027472320944070816	-0.06863292306661606	0.003305438905954361	0.022244904190301895	0.009533179923892021	0.015941927209496498	-0.08252707868814468	-0.048067446798086166
0.03604917228221893	0.013153785839676857	0.09592843800783157	0.01742214523255825	0.034175194799900055	0.05511539429426193	0.00799304898828268	0.01953747868537903	0.07283370196819305	0.002363121137022972
-0.0048470888286828995	0.03340265527367592	0.00733564980328083	-0.003742589382454753	-0.027053147554397583	0.035611897706985474	0.023920390754938126	0.00014283368363976479	-0.03758140653371811	0.037908293306827545
0.005512793082743883	0.016159353777766228	-0.013545680791139603	0.05091991648077965	0.04356110841035843	0.04561660811305046	0.0008149594068527222	-0.005894394591450691	0.01998155564069748	0.0008790353313088417
0.02538987249135971	0.014727026224136353	-0.00991412065923214	0.022615401074290276	-0.02201497182250023	0.00919510331004858	-0.005233677104115486	0.039127860218286514	-0.003142750356346369	-0.0155893974006176
0.02851075306534767	-0.046125996857881546	-0.12912636995315552	-0.004039561375975609	0.017046449705958366	-0.0020383507944643497	-0.022015884518623352	-0.02317727915942669	-0.013395238667726517	-0.044374726712703705
-0.05091716721653938	-0.053629759699106216	-0.044896241277456284	-0.05794195830821991	-0.02150443010032177	-0.0903950110077858	0.0009781955741345882	-0.04331567883491516	-0.05300210788846016	-0.03141548112034798
0.02568928152322769	-0.05195968598127365	0.02849150262773037	0.05148012191057205	0.02108404040336609	-0.051700688898563385	0.00016096606850624084	-0.011399519629776478	0.023485960438847542	-0.048029810190200806
0.0067733656615018845	-0.05345422774553299	0.022002002224326134	-0.02878578193485737	-0.03987269848585129	-0.055621810257434845	-0.022582681849598885	-0.07036298513412476	-0.05399220436811447	-0.07365944236516953
0.048754606395959854	-0.0004563407273963094	0.06930779665708542	0.0007146289572119713	0.06859350949525833	0.07917061448097229	0.07271275669336319	0.04083281755447388	0.024515163153409958	0.09030377864837646
0.03465303033590317	-0.022734610363841057	0.03937297314405441	0.0414709597826004	-0.017469115555286407	-0.02652471885085106	0.023660585284233093	-0.005790527444332838	0.042995091527700424	0.0059611136093735695
0.006812646519392729	0.02729196287691593	0.050244852900505066	-0.06683757901191711	-0.003975844010710716	-0.04947275668382645	-0.02592567168176174	0.022764094173908234	-0.039940811693668365	0.010266891680657864
0.019221074879169464	0.0600883848965168	0.01710561104118824	0.0593041367828846	-0.005916500464081764	-0.006782117299735546	0.0013988930732011795	0.02689046412706375	0.06414445489645004	0.035294145345687866
0.029259083792567253	0.05392022058367729	0.011883407831192017	0.037644512951374054	0.06628528237342834	0.10355374217033386	0.04435860738158226	0.029751578345894814	0.008590109646320343	0.04678396135568619
0.04913652688264847	0.045959021896123886	-0.004768813960254192	0.029891397804021835	-0.050524547696113586	-0.022251151502132416	-0.026915311813354492	-0.009157477878034115	0.010638536885380745	0.0075457156635820866
-0.01131865568459034	0.031491175293922424	-0.022465847432613373	-0.04955347627401352	-0.031216101720929146	-0.054092906415462494	-0.025125721469521523	-0.017837949097156525	-0.03366614878177643	-0.018700558692216873
-0.03252357617020607	-0.017021311447024345	-0.05571190267801285	-0.06407993286848068	-0.0491059347987175	-0.032133955508470535	-0.06598830223083496	-0.03569592162966728	0.029360314831137657	0.0008677970618009567
0.017238369211554527	0.0459449477493763	0.04163353145122528	0.07814615964889526	-0.001378298969939351	0.01340104453265667	0.02630789577960968	0.010167401283979416	-0.04561711102724075	0.013259286060929298
-0.0018028533086180687	0.03641762584447861	0.038891054689884186	0.025151574984192848	-0.0016278652474284172	0.01759294793009758	0.01070296298712492	0.022638972848653793	-0.04419926181435585	-0.04925433546304703
0.006125177256762981	0.0003731017932295799	-0.028336387127637863	0.060116399079561234	-0.015778115019202232	-0.01978183537721634	-0.03428546339273453	-0.025186283513903618	0.03584431856870651	0.06346007436513901
-0.01420686673372984	-0.024694643914699554	0.04728037118911743	-0.045987818390131	0.02117607742547989	0.006232013925909996	-0.03827177733182907	-0.02294638380408287	-0.018508192151784897	0.0002300068736076355
-0.03243204206228256	-0.004331453237682581	0.053424298763275146	-0.009341027587652206	0.04960475116968155	-0.07691524177789688	0.05449927970767021	-0.018520614132285118	0.010704992339015007	-0.019043467938899994
-0.03662026673555374	-0.004714536480605602	-0.04727160930633545	-0.07932429015636444	-0.06122651696205139	-0.012383587658405304	-0.08184976130723953	-0.0780903622508049	-0.06076062098145485	-0.03153678774833679
0.010302528738975525	-0.02871181257069111	-0.0035128218587487936	-0.08395159244537354	-0.004284156486392021	-0.033655159175395966	-0.01547572948038578	-0.08223263174295425	0.03182186186313629	0.009614817798137665
-0.03472929820418358	-0.029554687440395355	-0.07239672541618347	-0.06372593343257904	-0.03420182317495346	-0.02368592843413353	-0.06114310398697853	0.013024581596255302	-0.08310223370790482	-0.0521017462015152
0.047654300928115845	0.022496061399579048	0.019304271787405014	0.010066843591630459	0.0194160807877779	0.04399378225207329	-0.020710954442620277	0.03150983899831772	0.03828323259949684	0.04868127405643463
-0.05114074796438217	-0.023064468055963516	-0.06149332970380783	0.058609914034605026	-0.016787981614470482	0.04230530560016632	0.0013920491328462958	0.008377072401344776	-0.0402127169072628	0.03045373037457466
-0.0628630667924881	-0.011670837178826332	-0.015822462737560272	-0.008833433501422405	-0.03187134861946106	-0.029173070564866066	-0.02045377530157566	0.0033845771104097366	-0.05532597750425339	-0.07728101313114166
0.027704322710633278	-0.03207283839583397	0.0665774941444397	-0.03360656276345253	-0.027085352689027786	0.01108739897608757	-0.003983795642852783	-0.006567416246980429	-0.017007578164339066	0.0031871143728494644
0.04325471073389053	0.009552469477057457	0.01822822354733944	0.010691531002521515	-0.013154808431863785	-0.016756733879446983	0.08601438999176025	0.033053603023290634	0.050576962530612946	0.013373544439673424
